{"cameraMode":{"drawMode":0,"name":"Shaded","section":"Shading Mode"},"sceneLighting":false,"audioPlay":false,"sceneViewState":{"showFog":true,"showMaterialUpdate":false,"showSkybox":true,"showFlares":true,"showImageEffects":true,"showParticleSystems":true},"in2DMode":false,"pivot":{"x":829.513916015625,"y":534.4619140625,"z":125.2977294921875},"rotation":{"x":0.2186460793018341,"y":0.026345228776335717,"z":-0.005929602775722742,"w":0.9754725098609924},"size":0.7536363005638123,"orthographic":false}