{"cameraMode":{"drawMode":0,"name":"Shaded","section":"Shading Mode"},"sceneLighting":false,"audioPlay":false,"sceneViewState":{"showFog":true,"showMaterialUpdate":false,"showSkybox":false,"showFlares":true,"showImageEffects":true,"showParticleSystems":true},"in2DMode":false,"pivot":{"x":2.689502716064453,"y":-0.7145285606384277,"z":0.20194244384765626},"rotation":{"x":-0.006487265229225159,"y":0.9925069808959961,"z":-0.10610438883304596,"w":-0.06082935258746147},"size":10.0,"orthographic":false}