{"cameraMode":{"drawMode":0,"name":"Shaded","section":"Shading Mode"},"sceneLighting":false,"audioPlay":false,"sceneViewState":{"showFog":true,"showMaterialUpdate":false,"showSkybox":false,"showFlares":true,"showImageEffects":true,"showParticleSystems":true},"in2DMode":false,"pivot":{"x":41.24843978881836,"y":0.8320000171661377,"z":33.48099899291992},"rotation":{"x":0.24224771559238435,"y":0.7369779944419861,"z":-0.33310389518737795,"w":0.5359827876091003},"size":0.15814465284347535,"orthographic":false}